epoch,time,train/box_loss,train/cls_loss,train/dfl_loss,metrics/precision(B),metrics/recall(B),metrics/mAP50(B),metrics/mAP50-95(B),val/box_loss,val/cls_loss,val/dfl_loss,lr/pg0,lr/pg1,lr/pg2
1,860.724,1.81315,11.8405,0.00393,0.5307,0.11359,0.24878,0.15527,1.34108,6.50974,0.00636,0.00055011,0.00055011,0.00055011
2,1724.98,1.84563,7.78342,0.00435,0.38749,0.18013,0.2257,0.13568,1.54717,4.6156,0.00801,0.000996305,0.000996305,0.000996305
3,2577.5,1.93139,4.48496,0.00497,0.46647,0.3193,0.3596,0.21801,1.6414,3.45802,0.0088,0.00133248,0.00133248,0.00133248
